{
  "model_name": "BestCNN",
  "best_test_accuracy": 66.66666666666666,
  "best_epoch": 1,
  "final_test_accuracy": 66.66666666666666,
  "train_accuracies": [
    57.57575757575758,
    51.515151515151516,
    45.45454545454545,
    57.57575757575758,
    66.66666666666667,
    54.54545454545455,
    66.66666666666667,
    69.6969696969697,
    66.66666666666667,
    57.57575757575758,
    60.60606060606061,
    51.515151515151516,
    66.66666666666667,
    63.63636363636363,
    63.63636363636363,
    63.63636363636363,
    72.72727272727273,
    60.60606060606061,
    69.6969696969697
  ],
  "test_accuracies": [
    66.66666666666666,
    58.333333333333336,
    58.333333333333336,
    66.66666666666666,
    66.66666666666666,
    66.66666666666666,
    66.66666666666666,
    66.66666666666666,
    66.66666666666666,
    66.66666666666666,
    66.66666666666666,
    66.66666666666666,
    66.66666666666666,
    58.333333333333336,
    66.66666666666666,
    66.66666666666666,
    66.66666666666666,
    58.333333333333336,
    66.66666666666666
  ],
  "train_losses": [
    0.8712956666946411,
    0.9821221828460693,
    0.9327064275741577,
    1.0044670462608338,
    0.7968979835510254,
    0.849298620223999,
    0.8870167970657349,
    0.8086573481559753,
    0.8702766180038453,
    0.8307451248168946,
    0.7976378440856934,
    0.9147043704986573,
    0.7806138038635254,
    0.8687041282653809,
    0.7828916788101197,
    0.7333296060562133,
    0.7505963325500489,
    0.7892324209213257,
    0.729298996925354
  ],
  "test_losses": [
    0.5942410975694656,
    0.6563434600830078,
    0.6493090391159058,
    0.632235050201416,
    0.6335282325744629,
    0.6436023712158203,
    0.6684236526489258,
    0.6625328063964844,
    0.6540091037750244,
    0.647777795791626,
    0.6580197811126709,
    0.6735296249389648,
    0.6768360137939453,
    0.6819181442260742,
    0.6649417877197266,
    0.6711359024047852,
    0.6705942153930664,
    0.6758050918579102,
    0.6609668731689453
  ],
  "final_class_accuracy": {
    "0": 75.0,
    "1": 25.0,
    "2": 100.0
  },
  "timestamp": "20250912_160757",
  "y_true": [
    1,
    0,
    2,
    0,
    2,
    1,
    1,
    1,
    0,
    2,
    2,
    0
  ],
  "y_pred": [
    2,
    0,
    2,
    1,
    2,
    1,
    2,
    2,
    0,
    2,
    2,
    0
  ],
  "idx_to_collection": {
    "0": "asai_take_stories",
    "1": "kimura_kimi_stories",
    "2": "oda_ito_stories"
  }
}