{
  "model_name": "BestCNN",
  "best_test_accuracy": 66.66666666666666,
  "best_epoch": 1,
  "final_test_accuracy": 66.66666666666666,
  "train_accuracies": [
    45.45454545454545,
    60.60606060606061,
    57.57575757575758,
    72.72727272727273,
    54.54545454545455,
    60.60606060606061
  ],
  "test_accuracies": [
    66.66666666666666,
    58.333333333333336,
    66.66666666666666,
    66.66666666666666,
    66.66666666666666,
    66.66666666666666
  ],
  "train_losses": [
    1.0056243896484376,
    0.8605463027954101,
    0.9382726669311523,
    0.7847770690917969,
    0.9480745315551757,
    0.8392977714538574
  ],
  "test_losses": [
    0.890869140625,
    0.7421150207519531,
    0.6845622062683105,
    0.6568049788475037,
    0.6405039429664612,
    0.6396361589431763
  ],
  "final_class_accuracy": {
    "0": 75.0,
    "1": 25.0,
    "2": 100.0
  },
  "timestamp": "20250912_155251",
  "y_true": [
    1,
    0,
    2,
    0,
    2,
    1,
    1,
    1,
    0,
    2,
    2,
    0
  ],
  "y_pred": [
    2,
    0,
    2,
    1,
    2,
    1,
    2,
    2,
    0,
    2,
    2,
    0
  ],
  "idx_to_collection": {
    "0": "asai_take_stories",
    "1": "kimura_kimi_stories",
    "2": "oda_ito_stories"
  }
}