{
  "model_name": "BestCNN",
  "best_test_accuracy": 33.33333333333333,
  "best_epoch": 1,
  "final_test_accuracy": 33.33333333333333,
  "train_accuracies": [
    42.42424242424242,
    57.57575757575758,
    57.57575757575758,
    78.78787878787878,
    63.63636363636363,
    63.63636363636363
  ],
  "test_accuracies": [
    33.33333333333333,
    33.33333333333333,
    33.33333333333333,
    33.33333333333333,
    33.33333333333333,
    33.33333333333333
  ],
  "train_losses": [
    1.0525146484375,
    0.8660400390625,
    0.7969451904296875,
    0.7543609619140625,
    0.8218826293945313,
    0.8113784790039062
  ],
  "test_losses": [
    1.062408447265625,
    1.041748046875,
    1.0897216796875,
    1.08636474609375,
    0.9676132202148438,
    0.9207382202148438
  ],
  "final_class_accuracy": {
    "0": 100.0,
    "1": 0.0,
    "2": 0.0
  },
  "training_summary": {
    "total_epochs": 6,
    "improvement": 0.0,
    "overfitting_gap": 30.303030303030305,
    "avg_class_accuracy": 33.333333333333336,
    "std_class_accuracy": 47.14045207910317
  }
}